"LOINC","MAP_TO","COMMENT"
"1009-0","1007-4",
"10165-9","11358-9",
"10356-4","6469-1",
"10440-6","10432-3",
"1052-0","14983-1",
"10532-0","6774-4",
"10537-9","3582-4",
"1053-8","14984-9",
"10538-7","10339-0",
"1054-6","14985-6",
"10550-2","10343-2",
"1055-3","14983-1",
"10554-4","1713-7",
"10556-9","1730-1",
"10559-3","1999-2",
"1056-1","14984-9",
"10566-8","2105-5",
"10571-8","32789-0",
"10575-9","2323-4",
"1057-9","14985-6",
"10581-7","72517-6",
"10584-1","2884-5",
"10586-6","3160-9",
"10595-7","9780-8",
"10596-5","31630-7","Ordinal"
"10596-5","5360-3","Quantitative"
"10597-3","31631-5","Ordinal"
"10597-3","5361-1","Quantitative"
"10598-1","31631-5","Ordinal"
"10598-1","5362-9","Quantitative"
"10640-1","31709-9",
"10640-1","6306-5",
"10657-5","70908-9",
"10682-3","10351-5",
"10714-4","8011-9",
"10771-4","6677-9",
"10816-7","6678-7",
"10820-9","6679-5",
"10821-7","6682-9",
"10830-8","10222-8",
"10842-3","4933-8",
"10843-1","4935-3",
"10844-9","4937-9",
"10845-6","4939-5",
"10852-2","601-5",
"10854-8","10662-5",
"10875-3","24449-1",
"10876-1","19074-4",
"10877-9","14285-1",
"10887-8","34368-1",
"10890-2","10546-0",
"10962-9","7681-0",
"11022-1","29161-7","Meconium testing should be reported in mass content (ex. Units ng/g)"
"11023-9","29160-9"," Meconium testing should be reported in mass content (ex. Units ng/g)"
"11025-4","29159-1"," Meconium testing should be reported in mass content (ex. Units ng/g)"
"11026-2","27262-5"," Meconium testing should be reported in mass content (ex. Units ng/g)"
"11036-1","2299-6",
"11049-4","2451-3",
"1109-8","1116-3",
"1109-8","1121-3",
"1109-8","1142-9",
"1109-8","1147-8",
"11123-7","11120-3",
"11131-0","11104-7",
"11132-8","1974-5",
"11136-9","11116-1",
"11137-7","11119-5",
"11148-4","33949-9",
"11148-4","43222-9",
"11149-2","33951-5",
"11149-2","43223-7",
"11162-5","6080-6",
"11205-2","6198-6",
"11216-9","27424-1",
"11217-7","9527-3",
"11223-5","12317-4","Ordinal"
"11223-5","17437-5","MCnc/Qn"
"11239-1","11240-9","MCnc/Qn"
"11239-1","12324-0","Ordinal"
"11245-8","17390-6","MCnc/Qn"
"11245-8","29288-8","Ordinal"
"11292-0","8661-1",
"11379-5","82590-1","Years of education [#] - Reported is the number of years (quantitative) of education."
"11395-1","10196-4",
"11396-9","10196-4",
"11405-8","10200-4",
"11408-2","10201-2",
"11409-0","10201-2",
"11426-4","8703-1",
"11427-2","8703-1",
"11436-3","8702-3",
"11439-7","8704-9",
"11440-5","8704-9",
"11455-3","10187-3",
"11456-1","8687-6",
"11471-0","11473-6",
"11472-8","29533-7",
"11491-6","15507-7",
"11494-2","18736-9",
"11495-9","18735-1",
"11496-7","18737-7",
"11497-5","18738-5",
"11498-3","18739-3",
"11499-1","18740-1",
"11500-6","18734-4","Duplicate"
"11501-6","15508-5",
"11511-3","11506-3",
"11522-0","42148-7",
"11528-7","18748-4",
"11538-6","24627-2",
"11539-4","24725-4",
"11540-2","41806-1",
"11541-0","24590-2","Duplicate concept"
"11542-8","11506-3",
"11554-3","2601-3",
"11563-4","5130-0",
"11567-5","5128-4",
"11574-1","8099-4",
"11642-6","17978-8",
"11644-2","18030-7",
"11646-7","18037-2",
"11648-3","18031-5",
"11650-9","18038-0",
"11652-5","18039-8",
"11680-6","20232-5",
"11682-2","20302-6",
"11714-3","18164-4",
"11716-8","18080-2",
"1172-6","14986-4",
"1173-4","14987-2",
"1174-2","14988-0",
"1175-9","14986-4",
"1176-7","14987-2",
"1177-5","14988-0",
"1178-3","14989-8",
"1179-1","14990-6",
"11797-8","20272-1",
"1180-9","14991-4",
"1181-7","14989-8",
"1182-5","14990-6",
"1183-3","14991-4",
"11955-2","8665-2",
"12013-9","12012-1",
"12015-4","12014-7",
"12127-7","72221-5",
"12175-6","1759-0",
"12213-5","2243-4",
"12214-3","2243-4",
"12216-8","2333-3",
"12243-2","11125-2",
"12249-9","2915-7",
"12250-7","31111-8",
"12252-3","2484-4",
"12263-0","53611-0",
"12264-8","53612-8",
"12276-2","10851-4",
"12279-6","5361-1",
"12283-8","11213-6",
"12283-8","37990-9",
"12284-6","14177-0",
"12316-6","3783-8",
"12373-7","9776-6",
"12376-0","10992-6",
"12385-1","3862-0",
"12392-7","10989-2",
"12393-5","10990-0",
"12407-3","10994-2","Naltrexone [Mass/volume] in Serum or Plasma"
"12407-3","82526-5","6-Beta naltrexol [Mass/volume] in Serum or Plasma"
"12409-9","10892-8",
"12421-4","32274-3",
"12447-9","29289-6","Ordinal"
"12447-9","29295-3","MCnc/Qn"
"12473-5","9731-1",
"12474-3","25874-9",
"12475-0","2200-4",
"12479-2","6705-8",
"12531-0","12183-0",
"12539-3","26811-0",
"12540-1","26904-3",
"12571-6","12190-5",
"12599-7","22761-1",
"12660-7","56593-7",
"12661-5","56592-9",
"12662-3","32586-0",
"12663-1","27886-1",
"12664-9","55610-0",
"12665-6","27865-5",
"12666-4","27870-5",
"12667-2","27868-9",
"12668-0","27880-4",
"12669-8","55612-6",
"12670-6","27869-7",
"12671-4","27864-8",
"12685-4","27888-7",
"12685-4","47767-9",
"12686-2","27889-5",
"12686-2","47918-8",
"12687-0","27881-2",
"12687-0","47923-8",
"12688-8","27890-3",
"12688-8","47927-9",
"12689-6","27328-4",
"12689-6","47929-5",
"12690-4","47930-3",
"12690-4","49893-1",
"12691-2","27829-1",
"12691-2","47931-1",
"12692-0","47932-9",
"12692-0","49894-9",
"12693-8","47755-4",
"12693-8","49895-6",
"12696-1","58948-1",
"12697-9","27850-7",
"12698-7","14142-4",
"12699-5","14143-2",
"12700-1","56499-7",
"12701-9","27369-8",
"12715-9","2436-4",
"1271-6","14992-2",
"12721-7","11055-1",
"1272-4","14993-0",
"1273-2","14994-8",
"12732-4","41760-0",
"1274-0","14992-2",
"1275-7","14993-0",
"1276-5","14994-8",
"12777-9","38176-4",
"12778-7","38178-0",
"12779-5","5705-9",
"12800-9","17504-2","Ordinal"
"12800-9","6930-2","MCnc/Qn"
"12808-2","3113-8",
"12809-0","2137-8",
"12950-2","12228-3",
"12952-8","3050-2",
"12952-8","74793-1",
"12952-8","74794-9",
"12952-8","74795-6",
"12980-9","53612-8",
"13001-3","47697-8",
"13017-9","11100-5",
"13049-2","6012-9",
"13051-8","5892-5",
"13055-9","66483-9",
"13065-8","5379-3",
"13089-8","44736-7","Ordinal"
"13089-8","44737-5","ACnc/Qn"
"13090-6","31226-4","ACnc/Qn"
"13090-6","44738-3","Ordinal"
"13093-0","31502-8","ACnc/Qn"
"13093-0","44750-8","Ordinal"
"1309-4","1306-0",
"13094-8","31498-9","ACnc/Qn"
"13094-8","44749-0","Ordinal"
"13095-5","31498-9","ACnc/Qn"
"13095-5","44749-0","Ordinal"
"13096-3","21411-4",
"13096-3","31522-6",
"13097-1","26975-3",
"13097-1","31563-0",
"13098-9","31669-5",
"13098-9","31670-3",
"13099-7","31671-1",
"13099-7","44753-2",
"13100-3","31665-3",
"13100-3","31666-1",
"13101-1","31663-8",
"13101-1","31664-6",
"13102-9","31345-2",
"13102-9","31400-5",
"13103-7","31346-0",
"13103-7","43601-4",
"13104-5","31347-8",
"13104-5","43600-6",
"13105-2","17579-4",
"13105-2","31678-6",
"13106-0","17578-6",
"13106-0","31674-5",
"13107-8","31344-5",
"13107-8","44740-9",
"13108-6","17578-6",
"13108-6","31674-5",
"13109-4","31345-2",
"13109-4","31400-5",
"13110-2","31258-7",
"13110-2","44739-1",
"13111-0","44751-6",
"13111-0","44752-4",
"13112-8","42254-3",
"13112-8","9423-5",
"13113-6","21411-4",
"13113-6","31522-6",
"13114-4","17342-7",
"13114-4","31539-0",
"13115-1","12854-6",
"13115-1","33615-6",
"13116-9","31584-6",
"13116-9","31585-3",
"13118-5","31520-0",
"13118-5","31521-8",
"13121-9","13636-6",
"13121-9","31592-9",
"13122-7","31671-1",
"13122-7","44753-2",
"13123-5","31661-2",
"13123-5","31662-0",
"13124-3","31661-2","Ordinal"
"13124-3","31662-0","ACnc/Qn"
"13125-0","9610-7",
"13130-0","13891-7",
"13163-1","13135-9",
"13165-6","13137-5",
"13166-4","13138-3",
"13191-2","11572-5",
"13222-5","13218-3",
"13223-3","13217-5",
"13224-1","13219-1",
"13239-9","7883-2",
"13296-9","11590-7",
"13350-4","12208-5",
"13352-0","12238-2",
"13353-8","12209-3",
"13360-3","10569-2",
"13364-5","30060-8",
"13365-2","27337-5",
"13366-0","26587-6",
"13367-8","26590-0",
"13368-6","26589-2",
"13369-4","26591-8",
"13370-2","26592-6",
"13373-6","26595-9",
"13380-1","26598-3",
"13382-7","26852-4",
"13383-5","26819-3",
"13384-3","26909-2",
"13385-0","27217-9",
"13386-8","26787-2",
"13387-6","26985-2",
"13388-4","27089-2",
"13389-2","27256-7",
"13390-0","27058-7",
"13391-8","26750-0",
"13392-6","26745-0",
"13393-4","30070-7",
"13400-7","27195-7",
"13413-0","26932-4",
"13445-2","12195-4",
"13453-6","27353-2","if units are mg/dL"
"13453-6","53553-4","if units are mmol/L"
"13460-1","11054-4",
"13491-6","13332-2",
"13492-4","13343-9",
"13493-2","13334-8",
"13504-6","9586-9",
"13520-2","12179-8",
"13537-6","2885-2",
"13541-8","11211-0",
"13543-4","12242-4",
"13598-8","783-1",
"13615-0","26594-2",
"13617-6","12839-7",
"13621-8","5955-0",
"13628-3","6800-7",
"13630-9","13170-6",
"13642-4","29279-7",
"13642-4","5647-3",
"13647-3","12998-1",
"13668-9","29523-8",
"13669-7","29505-5",
"13670-5","29500-6",
"13672-1","29502-2",
"13673-9","29503-0",
"13674-7","49814-7",
"13675-4","25082-9",
"13676-2","25083-7",
"13677-0","29506-3",
"13679-6","25084-5",
"13680-4","25085-2",
"13681-2","25086-0",
"13681-2","28602-1",
"13683-8","29508-9",
"13685-3","29510-5",
"13686-1","29511-3",
"13687-9","29514-7",
"13688-7","29515-4",
"13689-5","29516-2",
"13690-3","3124-5",
"13692-9","25087-8",
"13693-7","29518-8",
"13696-0","25088-6",
"13696-0","28585-8",
"13697-8","25089-4",
"13698-6","29519-6",
"13704-2","22698-5",
"13704-2","30068-1",
"13713-3","25090-2",
"13713-3","28587-4",
"13714-1","26578-5",
"13714-1","28588-2",
"13718-2","22704-1",
"13719-0","22695-1",
"13723-2","22694-4",
"13723-2","30161-4",
"13724-0","25092-8",
"13724-0","28599-9",
"13726-5","25093-6",
"13727-3","25094-4",
"13729-9","25095-1",
"13730-7","24456-6",
"13731-5","25096-9",
"13741-4","25099-3",
"13743-0","25101-7",
"13745-5","25103-3",
"13748-9","25104-1",
"13752-1","25107-4",
"13758-8","26582-7",
"13761-2","25108-2",
"13762-0","25109-0",
"13762-0","30050-9",
"13764-6","25111-6",
"13766-1","24440-0",
"13770-3","25113-2",
"13773-7","25114-0",
"13777-8","25117-3",
"13778-6","25118-1",
"13780-2","25119-9",
"13784-4","25120-7",
"13785-1","25121-5",
"13791-9","25124-9",
"13792-7","25125-6",
"13793-5","24441-8",
"13794-3","25126-4",
"13798-4","56143-1",
"13798-4","56971-5",
"13800-8","24442-6",
"13802-4","25129-8",
"13803-2","25130-6",
"13804-0","25131-4",
"13806-5","25133-0",
"13806-5","28610-4",
"13807-3","25134-8",
"13809-9","44405-9",
"13809-9","56980-6",
"13810-7","25135-5",
"13811-5","24443-4",
"13812-3","25136-3",
"13813-1","25137-1",
"13816-4","24444-2",
"13849-5","13342-1",
"13870-1","44935-5",
"13885-9","13738-0",
"13899-0","12228-3",
"13900-6","3074-2",
"13906-3","12367-9",
"13906-3","17256-9",
"13910-5","4743-1",
"13912-1","4747-2",
"13939-4","13025-2",
"14011-1","13064-1",
"1405-0","1404-3",
"14058-2","14031-9",
"14059-0","14032-7",
"14088-9","14087-1",
"14091-3","14090-5",
"14110-1","14017-8",
"14111-9","14018-6",
"14120-0","12841-3",
"14134-1","4635-9",
"14150-7","13962-6",
"14153-1","25141-3",
"14161-4","43159-3",
"1420-9","1419-1",
"14289-3","13960-0",
"14291-9","32317-0",
"14296-8","8099-4",
"14297-6","3016-3",
"14320-6","630-4",
"14342-0","9641-2",
"14395-8","12265-5",
"14400-6","12191-3",
"14440-2","9618-0",
"14466-7","14465-9","C trach Urth Ql Cult"
"14473-3","14472-5","C trach Ag Urth Ql EIA"
"14476-6","11261-5",
"14512-8","14511-0","C trach Ag Urth Ql IF"
"14583-9","26813-6",
"14602-7","14601-9",
"14659-7","13362-9",
"14663-9","10569-2",
"1467-0","57098-6",
"1469-6","47618-4",
"1470-4","25641-2",
"1471-2","57099-4",
"14714-0","15061-5",
"1472-0","25643-8",
"14723-1","2276-4",
"14734-8","15068-0",
"1473-8","25645-3",
"1474-6","57100-0",
"1477-9","32317-0",
"14786-8","10644-3",
"14845-2","10976-9",
"14880-9","13539-2",
"14897-3","2885-2",
"1502-4","1501-6",
"15039-1","14685-2",
"15042-5","14674-6",
"15042-5","2141-0",
"15056-5","15055-7",
"1508-1","1507-3",
"15098-7","56628-1",
"15106-8","47109-4",
"1511-5","1510-7",
"15116-7","15115-9",
"15129-0","48058-2",
"15129-0","48067-3",
"15146-4","16311-3",
"15146-4","50800-2",
"15153-0","1971-1",
"1515-6","1514-9",
"1519-8","1518-0",
"15277-7","7753-7",
"15282-7","6236-4",
"1529-7","1528-9",
"1531-3","1530-5",
"15364-3","26865-6"," Meconium testing should be reported in mass content (ex. Units ng/g)"
"15365-0","15364-3",
"15365-0","29278-9",
"15370-0","26860-7"," Meconium testing should be reported in mass content (ex. Units ng/g)"
"15371-8","15370-0",
"15371-8","29287-0",
"15396-5","8039-0",
"15405-4","27289-8"," Meconium testing should be reported in mass content (ex. Units ng/g)"
"15406-2","15405-4",
"15406-2","29286-2",
"1545-3","1544-6",
"15522-6","15521-8",
"15522-6","15523-4",
"15522-6","21060-9",
"15531-7","15530-9",
"15538-2","15537-4",
"15578-8","15579-6",
"15608-3","15609-1",
"15610-9","15609-1",
"15631-5","15629-9",
"15639-8","15640-6",
"15648-9","15597-8",
"15695-0","15694-3",
"15750-3","15749-5",
"15804-8","15803-0",
"15830-3","15653-9",
"15865-9","15864-2",
"15868-3","15869-1",
"15883-2","15880-8",
"15884-0","15875-8",
"15887-3","15886-5",
"15891-5","21429-6",
"15905-3","15592-9",
"15919-4","15773-5",
"15920-2","15774-3",
"15965-7","15964-0",
"15979-8","15975-6",
"15999-6","15997-0",
"16000-2","15749-5",
"16004-4","16003-6",
"16010-1","15812-1",
"16055-6","16056-4",
"16079-6","16078-8",
"16081-2","16080-4",
"16087-9","16086-1",
"16097-8","16096-0",
"16143-0","9497-9",
"1616-2","1615-4",
"16255-2","10839-9",
"16281-8","27059-5",
"16282-6","13622-6",
"16282-6","39456-9",
"16286-7","15432-8",
"16287-5","31667-9",
"16287-5","31668-7",
"16288-3","31500-2",
"16288-3","31501-0",
"16289-1","31496-3",
"16289-1","31497-1",
"16308-9","3300-1",
"16309-7","3302-7",
"16321-2","1717-8",
"16336-0","1780-6",
"16351-9","3322-5",
"16352-7","3324-1",
"16354-3","12471-9",
"16356-8","30060-8",
"16357-6","13365-2",
"16358-4","13382-7",
"16359-2","3331-6",
"16386-5","16100-0",
"1640-2","14997-1",
"1641-0","14998-9",
"16424-4","12390-1",
"1642-8","14999-7",
"16430-1","52956-0",
"16430-1","9426-8",
"16435-0","6279-4",
"1643-6","15000-3",
"16436-8","7140-7",
"16437-6","3379-5",
"16447-5","3396-9",
"16448-3","3398-5",
"16448-3","52953-7",
"16492-1","5608-5",
"16493-9","12433-9",
"16494-7","3410-8",
"16495-4","3413-2",
"16496-2","3415-7",
"16540-7","8171-1",
"16544-9","3429-8",
"16553-0","24451-7",
"16555-5","53071-7",
"16556-3","53053-5",
"16573-8","2059-4",
"16574-6","2060-2",
"16602-5","16601-7",
"16608-2","19392-0",
"16608-2","59882-1",
"16609-0","3468-6",
"16610-8","3470-2",
"16624-9","16625-6",
"16626-4","49191-0",
"16627-2","49192-8",
"16629-8","12185-5",
"1669-1","1668-3",
"16709-8","2178-2",
"16709-8","26962-1",
"1672-5","1671-7",
"16731-2","2196-4",
"16743-7","13572-3",
"16744-5","3861-2",
"16745-2","10546-0",
"16749-4","19436-5",
"16752-8","27132-0",
"16760-1","2896-9",
"16767-6","9806-1",
"16782-5","12277-0",
"16790-8","3582-4",
"1680-8","15008-6",
"16811-2","35169-2",
"16813-8","12399-2",
"16851-8","3619-4",
"16869-0","12428-9",
"16883-1","2319-2",
"16884-9","2317-6",
"16885-6","2318-4",
"16886-4","13615-0",
"16887-2","26861-5",
"17023-3","4656-5",
"17074-6","13403-1",
"17074-6","26710-4",
"17077-9","16965-6",
"17081-1","3048-6",
"17145-4","13336-3",
"1716-0","33767-5",
"1717-8","14282-8",
"17223-9","8111-7",
"1723-6","47996-4",
"17245-2","13904-8",
"17265-0","3790-3",
"17265-0","55549-0",
"17268-4","10543-7",
"17271-8","13938-6",
"17273-4","3804-2",
"17291-6","6281-0",
"17297-3","5027-8",
"17298-1","5027-8",
"17345-0","5171-4",
"1735-0","22657-1",
"17361-7","9475-5",
"1737-6","20636-7",
"17382-3","35149-4",
"1738-4","27326-8",
"17387-2","38172-3",
"1739-2","25301-3",
"17423-5","7981-4",
"17440-9","42528-0",
"17441-7","3954-5",
"17466-4","5975-8",
"17475-5","11225-0",
"17475-5","39771-1",
"17476-3","2814-2",
"17476-3","39784-4",
"17477-1","2817-5",
"17477-1","39774-5",
"17481-3","3980-0",
"17508-3","27218-7",
"17508-3","59966-2",
"17594-3","14147-3",
"17595-0","14146-5",
"17612-3","13139-1",
"17613-1","13140-9",
"17615-6","13153-2",
"17616-4","13154-0",
"17620-6","13157-3",
"17621-4","13158-1",
"17623-0","13160-7",
"17624-8","13161-5",
"17625-5","13162-3",
"17626-3","13141-7",
"17628-9","13142-5",
"17633-9","13143-3",
"17634-7","13144-1",
"17636-2","13145-8",
"17637-0","13146-6",
"17659-4","5738-0",
"17659-4","59968-8",
"17660-2","5740-6",
"17660-2","59969-6",
"17674-3","4040-2",
"17675-0","4042-8",
"17677-6","6258-8",
"17677-6","7726-3",
"17694-1","2135-2",
"17730-3","4066-7",
"17831-9","253-5",
"17832-7","252-7",
"17848-3","31112-6",
"1786-3","26586-8",
"1788-9","20634-2",
"1789-7","1788-9",
"1790-5","27341-7",
"1792-1","26600-7",
"1793-9","26725-2",
"17950-7","610-6",
"17969-7","630-4",
"1817-6","69803-5",
"18209-7","27923-2",
"18264-2","1968-7",
"18279-0","4631-8",
"18310-3","73984-7",
"18346-7","17635-4",
"18363-2","24452-5",
"18375-6","17003-5",
"1841-6","16362-6",
"18433-3","18240-2",
"18436-6","30191-1",
"18437-4","43235-1",
"18438-2","30551-6",
"18439-0","35655-0",
"18441-6","39009-6",
"18442-4","39000-5",
"18443-2","30358-6",
"18444-0","39001-3",
"18445-7","39615-0",
"18446-5","39010-4",
"18447-3","30541-7",
"18448-1","30540-9",
"18449-9","30349-5",
"18450-7","39002-1",
"18452-3","30327-1",
"18453-1","39014-6",
"18454-9","30332-1",
"18455-6","30331-3",
"18456-4","30564-9",
"18457-2","30566-4",
"18459-8","30190-3",
"18460-6","30356-0",
"18461-4","30234-9",
"18462-2","30534-2",
"18463-0","30542-5",
"18464-8","30237-2",
"18465-5","30312-3",
"18466-3","59207-1",
"18628-8","18640-3",
"1864-8","26588-4",
"1866-3","26599-1",
"1867-1","27047-0",
"18741-9","18733-6",
"18747-6","25045-6",
"18755-9","25056-3",
"18757-5","49118-3",
"18758-3","44136-0",
"18760-9","25061-3",
"18762-5","28580-9",
"18764-1","28575-9","per Clinical LOINC Committee approval"
"18765-8","11509-7",
"18766-6","11510-5",
"18852-4","11537-8",
"1889-5","35168-4",
"1891-1","22656-3",
"18925-8","18855-7",
"18933-2","18932-4",
"1893-7","20637-5",
"1894-5","27296-3",
"1895-2","25322-9",
"1896-0","32227-1",
"19046-2","15590-3",
"19060-3","888-8",
"1906-7","26603-1",
"1908-3","20638-3",
"19085-0","13362-9",
"1909-1","27317-7",
"1910-9","25326-0",
"1911-7","22655-5",
"1913-3","20639-1",
"1914-1","26680-9",
"1915-8","25327-8",
"1933-1","26968-8",
"1935-6","26605-6",
"19361-5","3398-5",
"1936-4","26973-8",
"19426-6","12477-6",
"1948-9","1682-4",
"19506-5","19502-4",
"19507-3","19503-2",
"19508-1","19504-0",
"19509-9","19505-7",
"19591-7","19321-9",
"19592-5","19322-7",
"19594-1","10975-1",
"19595-8","19323-5",
"19596-6","19324-3",
"19689-9","6930-2",
"19702-0","19415-9",
"19703-8","19416-7",
"19704-6","19417-5",
"19705-3","19418-3",
"19730-1","6304-0",
"19731-9","6031-9",
"19735-0","6195-2",
"19745-9","7312-2",
"19750-9","11190-6",
"19770-7","19763-2",
"19818-4","55109-3",
"19936-4","33452-4",
"19939-8","71795-9",
"19940-6","71794-2",
"19944-8","19927-3",
"19948-9","59405-1",
"19950-5","59406-9",
"19952-1","59407-7",
"19954-7","59418-4",
"19956-2","59408-5",
"19958-8","59409-3",
"19960-4","59410-1",
"19962-0","59411-9",
"19964-6","59413-5",
"19966-1","59414-3",
"19968-7","59415-0",
"19970-3","59416-8",
"19975-2","19976-0",
"19977-8","19978-6",
"2003-2","2004-0",
"2003-2","29276-3",
"20032-9","20033-7",
"20034-5","20035-2",
"20036-0","20037-8",
"20038-6","20039-4",
"20040-2","20041-0",
"20042-8","20043-6",
"20044-4","20045-1",
"20046-9","20047-7",
"20048-5","20049-3",
"20050-1","20051-9",
"2008-1","2009-9",
"20101-2","20102-0",
"20104-6","20103-8",
"2010-7","2009-9",
"20151-7","20152-5",
"20169-9","20168-1",
"20243-2","18083-6",
"20244-0","18085-1",
"20246-5","18068-7",
"20253-1","18166-9",
"20275-4","18001-8",
"20279-6","18098-4",
"20285-3","18068-7",
"20406-5","5792-7",
"20422-2","1825-9",
"2043-8","14286-9",
"2044-6","10561-9",
"2046-1","14288-5",
"2047-9","14287-7",
"20480-0","8189-3",
"20481-8","8216-4",
"20492-5","13514-5",
"20494-1","13941-0",
"2050-3","26606-4",
"2051-1","27294-8",
"20514-6","19593-3",
"20524-5","14313-1",
"20531-0","20500-5",
"20534-4","20501-3",
"20539-3","20538-5",
"20577-3","2885-2",
"20605-2","32515-9",
"20606-0","32516-7",
"20613-6","32517-5",
"20614-4","32518-3",
"2065-1","30519-3",
"20653-2","14875-9",
"20671-4","13500-4",
"20684-7","22763-7",
"20691-2","11469-4",
"20707-6","15461-7",
"20743-1","15465-8",
"20744-9","15464-1",
"2080-0","30518-5",
"20810-8","7877-4",
"20820-7","20818-1",
"20834-8","16941-7",
"2086-7","2085-9",
"2088-3","2087-5",
"2090-9","2089-1",
"2092-5","2091-7",
"20941-1","2777-1",
"20954-4","17563-8",
"20993-2","4993-2",
"20997-3","566-0",
"21009-6","13499-9",
"21040-1","13678-8",
"21041-9","48084-8",
"21042-7","48085-5",
"21050-0","10975-1",
"21083-1","15548-1",
"21114-4","26446-5",
"21149-0","19733-5",
"21153-2","20587-2",
"21155-7","20588-0",
"21156-5","20589-8",
"21157-3","20593-0",
"21158-1","20595-5",
"21159-9","19078-5",
"21160-7","20599-7",
"21161-5","20601-1",
"21162-3","20602-9",
"21163-1","20603-7",
"21164-9","32516-7",
"21165-6","20611-0",
"21168-0","20612-8",
"21170-6","32518-3",
"21177-1","21654-9",
"21244-9","16366-7",
"21256-3","15595-2",
"21257-1","15595-2",
"21265-4","44004-0",
"2130-3","20640-9",
"2131-1","27056-1",
"21317-3","7110-0",
"21318-1","15552-3",
"21325-6","15768-5",
"21392-6","15849-3",
"21427-0","15885-7",
"21455-1","15853-5",
"2146-9","2145-1",
"21477-5","6220-8",
"21478-3","15957-4",
"21504-6","21505-3",
"21549-1","15761-0",
"21616-8","20990-8",
"21647-3","40873-2",
"21648-1","40872-4",
"21650-7","21207-6",
"2167-5","11043-7",
"2167-5","5117-7",
"21706-7","40351-9",
"21708-3","40341-0",
"2170-9","2132-9",
"2173-3","26607-2",
"2174-1","26964-7",
"21745-5","21095-5",
"21761-2","21760-4",
"21811-5","21551-7",
"21984-0","79378-6","Anwers include ICD codes or 3 supplemental codes"
"2201-2","30520-1",
"2205-3","1705-3",
"22065-7","3545-1",
"22076-4","21651-5",
"22145-7","22144-0",
"22165-5","22164-8",
"22242-2","22241-4",
"22262-0","22257-0",
"22311-5","16533-2",
"2231-9","2230-1",
"22332-1","7908-7",
"22335-4","7911-1",
"22336-2","17851-7",
"22372-7","44747-4",
"22372-7","5073-2",
"22374-3","17038-1",
"2237-6","15061-5",
"22376-8","17039-9",
"22407-1","6457-6",
"2242-6","2240-0",
"22433-7","22432-9",
"2244-2","2238-4",
"22508-6","20806-6",
"22528-4","13285-2",
"22530-0","13284-5",
"22544-1","13155-7",
"22546-6","13156-5",
"22553-2","13147-4",
"22554-0","13148-2",
"22559-9","13151-6",
"22561-5","13152-4",
"22569-8","8034-1",
"22570-6","8037-4",
"22574-8","13276-1",
"22576-3","13275-3",
"22588-8","22587-0",
"22589-6","11597-2",
"22591-2","6561-5",
"22593-8","6562-3",
"22597-9","17733-7",
"22598-7","17735-2",
"22612-6","17770-9",
"22622-5","9772-5",
"22623-3","14953-4",
"22667-0","15066-4",
"22669-6","20642-5",
"22673-8","20646-6",
"22675-3","2742-5",
"22677-9","20639-1",
"22683-7","18475-4",
"2274-9","1769-9",
"22750-4","50927-3",
"22754-6","39354-6",
"22757-9","19049-6",
"22760-3","2823-3",
"22762-9","22542-5",
"22812-2","22811-4",
"22821-3","22365-1",
"22835-3","22834-6",
"22852-8","22104-4",
"2286-3","15067-2",
"2287-1","15068-0",
"22957-5","22956-7",
"22985-6","22982-3",
"2298-8","1761-6",
"2300-2","1761-6",
"2318-4","26609-8",
"2319-2","27911-7",
"23261-1","23260-3",
"23312-2","23316-3",
"23317-1","23313-0",
"23323-9","23321-3",
"23331-2","23329-6",
"23348-6","23345-2",
"23353-6","23351-0",
"23375-9","23372-6",
"23392-4","51647-6",
"23393-2","51646-8",
"23394-0","15454-2",
"23395-7","22103-6",
"23430-2","23427-8",
"23439-3","23441-9",
"23457-5","23456-7",
"23481-5","23479-9",
"23484-9","22577-1",
"23490-6","23487-2",
"23516-8","23515-0",
"23525-9","23522-6",
"23527-5","23523-4",
"23556-4","23555-6",
"23617-4","20382-8",
"23618-2","20374-5",
"23619-0","20375-2",
"23620-8","20376-0",
"23621-6","20377-8",
"23622-4","20378-6",
"23623-2","20379-4",
"23624-0","20373-7",
"23625-7","20381-0",
"23626-5","20462-8",
"23630-7","20386-9",
"23631-5","20387-7",
"23632-3","20461-0",
"23633-1","20380-2",
"23670-3","7816-2",
"23748-7","5218-3",
"23796-6","15262-9",
"23804-8","15218-1",
"23809-7","22670-4",
"23812-1","20450-3",
"23817-0","15337-9",
"23818-8","15338-7",
"23824-6","12914-8",
"23839-4","2099-0",
"23840-2","55868-4",
"23847-7","19737-6",
"2388-7","2387-9",
"23902-0","21394-2",
"23908-7","5028-6",
"23925-1","7041-7",
"23925-1","7042-5",
"23928-5","17501-8",
"23932-7","21540-0",
"23941-8","1645-1",
"23944-2","14952-6",
"23947-5","20383-6",
"23948-3","20384-4",
"23949-1","20385-1",
"2395-2","42502-5",
"2396-0","55865-0",
"24019-2","24018-4",
"24037-4","4994-0",
"24069-7","21111-0",
"24090-3","1837-4",
"24112-5","6568-0",
"24131-5","15219-9",
"24133-1","15266-0",
"24134-9","15267-8",
"24135-6","15269-4",
"24152-1","7076-3",
"24157-0","6164-8",
"24160-4","7140-7",
"24164-6","7731-3",
"24166-1","7609-1",
"24167-9","19753-3",
"24168-7","7184-5",
"24317-0","58410-2",
"24355-0","24357-6",
"2438-0","29283-9",
"2438-0","29292-0",
"24398-0","5390-0",
"24399-8","8040-8",
"24417-8","55611-8",
"2443-0","27291-4",
"24453-3","24451-7",
"24457-4","20659-9",
"24459-0","50541-2",
"24466-5","21166-4",
"24473-1","19078-5",
"24565-4","43463-9",
"24774-2","43767-3",
"24775-9","43766-5",
"24777-5","43774-9",
"24785-8","24789-0",
"24786-6","24784-1",
"24791-6","24789-0",
"24808-8","24807-0","Knee X-ray AP single view standing"
"24819-5","81206-5","Liver and Spleen NM W Tc-99m SC IV"
"24886-4","30830-4",
"24926-8","69393-7",
"24926-8","70926-1",
"24926-8","70927-9",
"24927-6","37192-2",
"24927-6","37193-0",
"24927-6","70933-7",
"24928-4","24942-5",
"24928-4","24970-6",
"24928-4","30753-8",
"24986-2","35904-2",
"24986-2","35905-9",
"24986-2","35906-7",
"24987-0","24933-4",
"24987-0","24964-9",
"24987-0","24979-7",
"24993-8","37323-3",
"25004-3","24702-3",
"25021-7","43559-4",
"25037-3","24619-9",
"25041-5","42260-0","CT Guidance for biopsy of XXX W contrast IV"
"25042-3","25043-1","CT Guidance for aspiration XXX"
"25042-3","25044-9","CT Guidance for biopsy XXX"
"25051-4","25045-6",
"25055-5","48460-0",
"2505-6","2502-3",
"2515-5","53101-2",
"2528-8","60023-9",
"2528-8","60024-7",
"2529-6","14803-1",
"2529-6","60017-1",
"2530-4","60021-3",
"2530-4","60022-1",
"25306-2","7076-3",
"25307-0","21065-8",
"2531-2","60020-5",
"2531-2","68387-0",
"2532-0","14804-9",
"2532-0","14805-6",
"25329-4","15964-0",
"2533-8","68452-2",
"2533-8","68453-0",
"25347-6","13244-9",
"25356-7","15904-6",
"25380-7","15746-1",
"25490-4","21429-6",
"25497-9","16035-8",
"25504-2","15942-6",
"25505-9","14170-5",
"25529-9","33858-2",
"25558-8","14955-9",
"25567-9","15906-1",
"2558-5","29284-7",
"2558-5","29293-8",
"25594-3","13277-9",
"25617-2","24391-5",
"25620-6","24390-7",
"25629-7","24389-9",
"2564-3","35165-0",
"2565-0","2093-3",
"2566-8","1769-9",
"25713-9","21273-8",
"25724-6","6897-3",
"25772-5","27835-8",
"25773-3","27836-6",
"25774-1","27837-4",
"25775-8","27838-2",
"25776-6","47763-8",
"25776-6","49892-3",
"25777-4","14145-7",
"25814-5","19729-3",
"25935-8","13996-4",
"25984-6","15347-8",
"26025-7","15709-9",
"26034-9","2888-6",
"26103-2","26169-3",
"26104-0","26170-1",
"26105-7","26171-9",
"26119-8","24701-5",
"26121-4","24701-5",
"26123-0","24701-5",
"26145-3","24890-6",
"26147-9","24890-6",
"26149-5","24890-6",
"26274-1","26235-2",
"26275-8","26236-0",
"26276-6","26237-8",
"26361-6","26358-2","Knee - bilateral X-ray AP single view standing"
"26362-4","26359-0","Knee - left X-ray AP single view standing"
"26362-4","37014-8","Knee - left X-ray PA standing"
"26363-2","26360-8","Knee - right X-ray AP single view standing"
"26363-2","37755-6","Knee - right X-ray PA standing"
"26461-4","58413-6",
"26579-3","25086-0",
"26641-1","22346-1",
"2665-8","2660-9",
"26659-3","23166-2","Leptospira interrogans sv Autumnalis Ab [Presence] in SerumLeptospira interrogans sv Autumnalis Ab [Presence] in SerumLeptospira interrogans serovar Autumnalis Ab: PrThr: Pt: Ser: Ord:"
"26693-2","24021-8",
"26699-9","2475-2",
"2673-2","35166-8",
"2674-0","2678-1",
"26753-4","24449-1",
"26756-7","3697-0",
"2675-7","2679-9",
"26757-5","14285-1",
"26760-9","42860-7",
"26760-9","52954-5",
"26762-5","2078-4",
"26828-4","2142-8",
"26828-4","51844-9",
"2686-4","13963-4",
"26872-2","13963-4",
"26883-9","26700-5",
"26896-1","20657-3",
"26896-1","2981-9",
"26897-9","20658-1",
"26897-9","3008-0",
"26902-7","21250-6",
"26917-5","26681-7",
"26922-5","13336-3",
"26939-9","26692-4",
"26940-7","2638-5",
"26941-5","26701-3",
"27073-6","10976-9",
"2710-2","59408-5",
"27139-5","25296-5",
"2719-3","35161-9",
"27215-3","14251-3",
"27258-3","2885-2",
"27274-0","27004-1",
"27319-3","32211-5",
"27331-8","25257-7",
"27333-4","20650-8",
"27333-4","2585-8",
"27334-2","20659-9",
"27334-2","3070-0",
"27335-9","20652-4",
"27335-9","2679-9",
"27350-8","2177-4",
"27350-8","22672-0",
"27361-5","20660-7",
"27361-5","3079-1",
"27362-3","14875-9",
"27362-3","2765-6",
"27376-3","1986-9",
"27381-3","22670-4",
"27388-8","27118-9",
"27393-8","27389-6",
"27397-9","27374-8",
"27398-7","27392-0",
"27399-5","20633-4",
"27405-0","27395-3",
"27406-8","27390-4",
"27413-4","13623-4",
"27413-4","59894-6",
"27420-9","2786-2",
"27420-9","59807-8",
"27472-0","27558-6",
"27475-3","27488-6",
"27485-2","27534-7",
"27599-0","27609-7",
"27623-8","18734-4",
"27662-6","27672-5",
"27686-5","18735-1",
"27701-2","27711-1",
"2771-4","72436-9",
"27752-5","27762-4",
"2781-3","2778-9",
"2782-1","2779-7",
"27825-9","24374-1",
"27940-6","27834-1",
"27942-2","15067-2",
"27953-9","20651-6",
"27953-9","2622-9",
"27973-7","20635-9",
"27974-5","20637-5",
"27975-2","3016-3",
"27983-6","12891-8",
"27995-0","20638-3",
"28000-8","6012-9",
"2800-1","2353-1",
"2801-9","2568-4",
"28032-1","42148-7",
"2803-5","2804-3",
"2804-3","22671-2",
"2805-0","54327-2",
"28065-1","28044-6",
"2806-8","32334-5",
"2807-6","32335-2",
"282-4","278-2",
"283-2","279-0",
"284-0","280-8",
"28566-8","24932-6",
"28566-8","24963-1",
"28566-8","24978-9",
"285-7","281-6",
"28611-2","28591-6",
"28613-8","24946-6",
"28613-8","24972-2",
"28613-8","24983-9",
"29114-6","31028-4",
"29115-3","27082-7",
"29116-1","48307-3",
"29117-9","33928-3",
"29118-7","31033-4",
"29119-5","49226-4",
"29120-3","32647-0",
"29121-1","32646-2",
"29122-9","31027-6",
"29123-7","19051-2",
"29124-5","49227-2",
"29126-0","6894-0",
"29164-1","29201-1",
"29182-3","18740-1",
"2920-7","2923-1",
"2928-0","1938-0",
"29297-9","33512-5",
"2931-4","26613-0",
"2932-2","9323-7",
"29333-2","22572-2",
"29513-9","16708-0",
"29517-0","14948-4",
"29532-9","48957-5",
"29631-9","33299-9",
"2968-6","2967-8",
"29894-3","21458-5",
"29895-0","2779-7",
"29914-9","5587-1",
"2993-4","2986-8",
"2994-2","2991-8",
"30029-3","49716-4",
"30033-5","72501-0",
"30035-0","72500-2",
"3014-8","30567-2",
"3017-1","40673-6",
"3022-1","32215-6",
"3023-9","3050-2",
"3023-9","74793-1",
"3023-9","74794-9",
"3023-9","74795-6",
"30240-6","48065-7",
"30240-6","48066-5",
"30245-5","48023-6","HIV 1 proviral DNA"
"3030-4","32341-0",
"30329-7","13662-2",
"30330-5","13661-4",
"30367-7","30445-1",
"3037-9","14338-8",
"30393-3","19048-8",
"30399-0","46423-0",
"30463-4","26524-9",
"3049-4","2571-8",
"30545-8","24375-8",
"30599-5","79103-8",
"30617-5","36503-1",
"30618-3","36377-0",
"3061-9","26960-5",
"30676-1","36504-9",
"30677-9","36378-8",
"30713-2","42413-5",
"3071-8","3070-0",
"30718-1","37866-1",
"30728-0","24945-8",
"30732-2","24651-2",
"30798-3","24790-8",
"30806-4","78031-2","Use for studies of the common aorta runoff where CTA images the abdominal aorta and lower extremity vessels."
"30806-4","78032-0","Use for studies that evaluate the axillary-bi femoral bypass grafts that images both the thoracic and abdominal aorta plus the lower extremity vessels."
"30835-3","25079-5",
"30879-1","30699-3",
"30886-6","24549-8",
"30893-2","24534-0",
"30988-0","6175-4",
"31031-8","6713-2",
"31121-7","17221-3",
"31180-3","18348-3",
"31211-6","81954-0","Date of death [Date]"
"31211-6","81956-5","Date and time of death [TmStp]"
"31241-3","7920-2",
"31349-4","5134-2",
"31402-1","31346-0",
"31403-9","31347-8",
"31429-4","7916-0",
"31432-8","13164-9",
"31433-6","16808-8",
"31434-4","16809-6",
"31447-6","11565-9",
"3145-0","8665-2",
"3155-9","3154-2",
"31591-1","13636-6",
"31651-3","13168-0",
"31675-2","17578-6",
"31677-8","17580-2",
"31679-4","17579-4",
"31684-4","9741-0",
"31752-9","31740-4",
"31773-5","31776-8","C trach Ag Urth Ql"
"31785-9","31789-1",
"31786-7","31791-7",
"31787-5","31792-5",
"31946-7","23389-0",
"31946-7","23390-8",
"31947-5","23391-6",
"31947-5","6532-6",
"31948-3","6532-6",
"32002-8","45113-8","Chlamydia Ag Urth Ql EIA"
"32214-9","30567-2",
"32282-6","17662-8",
"32297-4","32296-6",
"32357-6","10704-5",
"32380-8","18916-7",
"32382-4","25608-1",
"3247-4","29280-5",
"32565-4","21764-6",
"3258-1","3256-5",
"32607-4","4174-9",
"32711-4","32623-1",
"32753-6","40623-1",
"32754-4","40624-9",
"32767-6","32666-0",
"32780-9","31856-8",
"3281-3","75514-0","Interpretation term for Lupus anticoagulant two screening assay with reflex panel."
"3281-3","75882-1","Interpretation term for Lupus anticoagulant three screening assay with reflex panel."
"33061-3","72502-8",
"33182-7","80416-1","Head circumference/Abdominal circumference by Campbell 1977"
"33183-5","80414-6","Head circumference/Abdominal circumference Campbell 1991"
"33183-5","80415-3","Body weight growth percentile Hadlock 1991"
"3320-9","35669-1",
"33272-6","12207-7",
"33284-1","32376-6",
"33298-1","7028-4",
"33319-5","27354-0",
"33322-9","27999-2",
"33337-7","23485-6",
"33367-4","60018-9",
"33367-4","60019-7",
"33377-3","16470-7",
"33378-1","5057-5",
"33419-3","19108-0",
"33420-1","31855-0",
"33579-4","23878-2",
"33580-2","23877-4",
"33581-0","30338-8",
"3358-9","3359-7",
"33597-6","44948-8",
"33607-3","32692-6",
"33608-1","32691-8",
"3373-8","3372-0",
"3375-3","3374-6",
"33776-6","32750-2",
"3386-0","3385-2",
"3388-6","3387-8",
"33902-8","10864-7",
"33976-2","22758-7",
"34144-6","21342-1",
"34195-8","34157-8",
"34255-0","32304-8",
"34403-6","52984-2",
"3442-1","3443-9",
"34421-8","52986-7",
"34422-6","56990-5",
"34569-4","75513-2","DRVVT with 1:1 pooled normal plasma"
"34573-6","67097-6",
"34580-1","18197-4",
"34610-6","13779-4",
"34676-7","35462-1",
"34733-6","21619-2","Term created in error, so deprecated and mapped to APOE gene mutation analysis term."
"34734-4","21619-2",
"34735-1","21619-2","Term created in error, so deprecated and mapped to APOE gene mutation analysis term."
"34757-5","28618-7",
"34771-6","34847-4",
"34772-4","34848-2",
"34775-7","34876-3",
"34789-8","28628-6",
"34804-5","28578-3",
"34825-0","28579-1",
"34835-9","34822-7",
"34836-7","34823-5",
"34842-5","28653-4",
"34863-1","34875-5",
"34871-4","28624-5",
"34903-5","34786-4",
"34937-3","3264-9",
"35085-0","54089-8",
"35152-8","30197-8",
"35153-6","33036-5",
"35156-9","30195-2",
"35159-3","30194-5",
"3529-5","3426-4",
"35370-6","35689-9",
"35371-4","35686-5",
"3544-4","19141-1",
"3554-3","39354-6",
"35660-0","22637-3","This code would be used when the final diagnosis is being sent as block of narrative text or a paragraph"
"35660-0","34574-4","This code would be used when the final diagnosis is chosen from a list of options (e.g. such as a SNOMED diagnosis code)."
"35694-9","17038-1",
"35695-6","17039-9",
"35696-4","17037-3",
"35719-4","35727-7","Chlamydia DNA Urth Ql PCR"
"35720-2","35728-5","Chlamydia rRNA Urth Ql Prb"
"35933-1","35934-9",
"35933-1","35935-6",
"35936-4","70923-8",
"35936-4","70924-6",
"35936-4","70925-3",
"36010-7","77448-9","Use for hindfoot+midfoot studies"
"36067-7","24935-9",
"36067-7","24968-0",
"36067-7","24980-5",
"36133-7","24734-6",
"36153-5","77466-1","Use for hindfoot+midfoot studies"
"36154-3","77467-9","Use for hindfoot+midfoot studies"
"36198-0","77456-2","Use for hindfoot+midfoot studies"
"36256-6","24938-3",
"36256-6","24982-1",
"36256-6","30678-7",
"36280-6","77468-7","Use for hindfoot+midfoot studies"
"36281-4","77469-5","Use for hindfoot+midfoot studies"
"36358-0","77457-0","Use for hindfoot+midfoot studies"
"36399-4","36401-8",
"36399-4","36402-6",
"36399-4","36403-4",
"36400-0","24937-5",
"36400-0","24967-2",
"36400-0","24981-3",
"36440-6","77470-3","Use for hindfoot+midfoot studies"
"36441-4","77471-1","Use for hindfoot+midfoot studies"
"36483-6","77458-8","Use for hindfoot+midfoot studies"
"36530-4","30592-0",
"36530-4","30597-9",
"36530-4","30620-9",
"36531-2","30667-0",
"36531-2","30679-5",
"36531-2","36532-0",
"3664-0","35668-3",
"36836-5","48694-4",
"36905-8","35738-4",
"36934-8","79087-3","Typically no contrast is given."
"36935-5","79087-3","Typically no contrast is given."
"3696-2","2491-9",
"3699-6","47395-9",
"3709-3","3708-5",
"37129-4","37084-1",
"37216-9","77311-9","Use for abdominal aorta studies"
"37216-9","77451-3","Use for thoracic aorta studies"
"37295-3","78973-5","Provides additional information on the nature of exam."
"3733-3","5679-6",
"37363-9","30838-7",
"3736-6","3735-8",
"37427-2","70918-8",
"37427-2","70919-6",
"37427-2","70920-4",
"37436-3","24590-2","Brain MR"
"3751-5","3750-7",
"37572-5","24947-4",
"37572-5","24974-8",
"37572-5","24985-4",
"37573-3","37488-4",
"3759-8","3749-9",
"37837-2","37827-3",
"37838-0","37828-1",
"37865-3","37851-3",
"37873-7","24917-7",
"37875-2","24940-9",
"37875-2","30773-6",
"37875-2","37904-0",
"37876-0","36331-7",
"37876-0","36332-5",
"37876-0","37907-3",
"37877-8","30725-6",
"37877-8","30752-0",
"37877-8","30777-7",
"37878-6","36989-2",
"37878-6","36990-0",
"37878-6","37903-2",
"37879-4","36669-0",
"37879-4","36670-8",
"37879-4","37905-7",
"38059-2","77448-9","Use for hindfoot and midfoot studies."
"38085-7","38854-6",
"38127-7","70915-4",
"38127-7","70916-2",
"38127-7","70917-0",
"38346-3","27859-8",
"3835-6","3620-2",
"38378-6","17296-5",
"38383-6","5001-3",
"38390-1","31788-3",
"38391-9","31790-9",
"3849-7","47385-0",
"38547-6","42663-5",
"38549-2","38546-8",
"38809-0","37967-7",
"38823-1","37769-7",
"39035-1","25061-3",
"39041-9","42143-8",
"39052-6","24943-3",
"39052-6","24969-8",
"39052-6","30756-1",
"39070-8","42009-1","Views 2+apical-lordotic"
"39136-7","39135-9",
"39136-7","72283-5",
"39136-7","72284-3",
"39143-3","42459-8",
"3930-5","3929-7",
"39322-3","37496-7",
"39322-3","37509-7",
"39322-3","70931-1",
"39417-1","43774-9",
"39438-7","39437-9",
"39557-4","32198-4",
"39560-8","62489-0",
"39586-3","31163-9",
"3961-0","3960-2",
"39616-8","30356-0",
"39617-6","30234-9",
"39659-8","24750-2",
"39706-7","39705-9",
"39717-4","39699-4",
"39721-6","39727-3",
"39778-6","14801-5",
"39833-9","39697-8","Lung NM perfusion W radionuclide IV"
"39835-4","39837-0","Lung NM ventilation W radionuclide IH"
"39836-2","39837-0","Lung NM ventilation W radionuclide IH"
"39911-3","39910-5",
"39926-1","39928-7",
"39941-0","39697-8","Lung NM perfusion"
"39943-6","39942-8","Lung NM ventilation and perfusion W radionuclide IH and W radionuclide IV"
"39945-1","39837-0","Lung NM ventilation W radionuclide IH"
"39948-5","39944-4","Lung NM ventilation and equilibrium and washout W radionuclide IH"
"4033-7","4034-5",
"40344-4","21714-1",
"40449-1","59417-6",
"40450-9","59412-7",
"4051-9","4052-7",
"4058-4","35670-9",
"40586-0","40443-4",
"40589-4","33437-5",
"40590-2","59417-6",
"40591-0","59412-7",
"40592-8","59417-6",
"40611-6","30376-8",
"40615-7","5774-5",
"40642-1","59371-5","Leptospira interrogans sv Autumnalis Ab [Titer] in Serum by Agglutination"
"40676-9","23486-4",
"40711-4","41483-9","Clostridium tetani toxoid Ab"
"40777-5","22345-3",
"40819-5","31399-9",
"40826-0","31259-5",
"40844-3","48378-4",
"4091-5","20578-1",
"40981-3","34487-9",
"41054-8","41053-0",
"41126-4","13285-2",
"41265-0","9805-3",
"41301-3","56048-2",
"41302-1","56045-8",
"41313-8","56044-1",
"41314-6","56043-3",
"41383-1","56047-4",
"41384-9","56046-6",
"41445-8","673-4",
"41452-4","40976-3",
"41455-7","40978-9",
"41456-5","40987-0",
"41457-3","40990-4",
"41481-3","5058-3",
"41509-1","5388-4",
"41510-9","5391-8",
"4158-2","4159-0",
"41741-0","23667-9",
"41780-8","26165-1",
"41781-6","26165-1",
"41794-9","36588-2",
"41805-3","24578-7",
"41810-3","35913-3",
"41821-0","26164-4",
"41822-8","26164-4",
"41866-5","27816-8",
"41869-9","6891-6",
"41909-3","39156-5",
"41996-0","42617-1",
"42013-3","24669-4",
"42015-8","24947-4",
"42016-6","24985-4",
"4209-3","4193-9",
"42142-0","24609-0",
"42154-5","24799-9",
"42155-2","30734-8",
"42172-7","26164-4",
"42173-5","26165-1",
"42190-9","46455-2",
"42194-1","43970-3",
"42195-8","43971-1",
"42243-6","718-7",
"42264-2","24974-8",
"4226-7","4224-2",
"42384-8","39148-2",
"42440-8","24843-5",
"42442-4","37003-1",
"42442-4","37910-7",
"42519-9","41132-2",
"4257-2","4102-0",
"42625-4","42603-1",
"42643-7","25210-6",
"42644-5","25180-1",
"42645-2","25195-9",
"42646-0","25194-2",
"42647-8","25231-2",
"42648-6","25196-7",
"42649-4","25218-9",
"42650-2","25219-7",
"42652-8","25182-7",
"42653-6","41409-4",
"42654-4","25215-5",
"42656-9","25200-7",
"42657-7","25202-3",
"42658-5","25206-4",
"42659-3","25205-6",
"42679-1","3274-8",
"42688-2","35932-3",
"42688-2","70921-2",
"42688-2","70922-0",
"42689-0","30758-7",
"42689-0","30778-5",
"42690-8","24945-8",
"42690-8","24971-4",
"4277-0","4223-4",
"42790-6","42789-8",
"42806-0","42803-7",
"42809-4","580-1",
"42935-7","25229-6",
"42948-0","22584-7",
"4297-8","4296-0",
"43014-0","22347-9",
"43054-6","32775-9",
"43083-5","22112-7",
"4312-5","4308-3",
"43132-0","44747-4",
"43268-2","42882-1",
"43397-9","75513-2","DRVVT with 1:1 pooled normal plasma"
"4340-6","4248-1",
"43465-4","24637-1",
"43503-2","78037-9","Use for abdominal aorta and lower extremity vessels study"
"43503-2","78038-7","Use for axillary-bifemoral bypass grafts study, imaging both the thoracic and abdominal aorta plus the lower extremity vessels."
"43520-6","24650-4",
"43540-4","43497-7",
"43541-2","43489-4",
"43542-0","43492-8",
"43544-6","43491-0",
"43545-3","43490-2",
"43546-1","43494-4",
"4354-7","4213-5",
"43547-9","43495-1",
"43548-7","43496-9",
"43549-5","39730-7",
"43553-7","42479-6",
"4355-4","4210-1",
"43560-2","24667-8",
"43560-2","24669-4",
"43560-2","44227-7",
"43668-3","905-0",
"43735-0","5946-9",
"43738-4","43397-9",
"43786-3","43463-9",
"43812-7","22096-2",
"43931-5","17036-5",
"43943-0","38255-6",
"4400-8","4225-9",
"44091-7","38272-1",
"44120-4","44115-4",
"44120-4","60515-4",
"44120-4","72531-7",
"4413-1","4414-9",
"44180-8","37853-9",
"44200-4","43523-0",
"44207-9","26358-2",
"44238-4","42439-0",
"44257-4","44249-1",
"44282-2","49813-9",
"44283-0","47534-3",
"44290-5","31217-3",
"44291-3","25844-2",
"44291-3","56671-1",
"44307-7","25878-0",
"44307-7","56676-0",
"44331-7","49911-1",
"44343-2","14295-0",
"4434-7","4433-9",
"44350-7","50360-7",
"44356-4","29155-9",
"44358-0","47542-6",
"44363-0","44364-8",
"44399-4","50367-2",
"44401-8","25978-8",
"44427-3","44426-5",
"44621-1","21894-1",
"44622-9","21894-1",
"4467-7","10630-2",
"4468-5","20563-3",
"44741-7","31400-5",
"44742-5","43601-4",
"44743-3","43600-6",
"4480-0","4479-2",
"44861-3","47543-4",
"44937-1","15000-3",
"4499-0","4501-3",
"45064-3","24321-2",
"45065-0","24323-8",
"45071-8","45075-9","C trach+GC rRNA Urth Ql Prb"
"45077-5","21188-8",
"45079-1","16600-9",
"45081-7","21192-0",
"45082-5","45078-3",
"45083-3","45080-9",
"45087-4","21191-2","C trach DNA Urth Ql PCR"
"45088-2","21192-0","C trach rRNA Urth Ql Prb"
"45102-1","559-5","Chlamydia Urth Cult"
"45110-4","45114-6","Chlamydia Ag Urth Ql"
"45111-2","45115-3","Chlamydia Ag Urth Ql IF"
"45119-5","23789-1",
"4512-0","4532-8",
"4515-3","2269-9",
"45202-9","44740-9",
"45203-7","17578-6",
"45223-5","43751-7",
"45326-6","52984-2",
"4541-9","3244-1",
"46112-9","9588-5",
"46113-7","9598-4",
"46114-5","9589-3",
"46115-2","9590-1",
"46116-0","9591-9",
"46117-8","9599-2",
"46118-6","9592-7",
"46119-4","9587-7",
"46120-2","9593-5",
"46121-0","9594-3",
"46122-8","9595-0",
"46123-6","9596-8",
"46124-4","9597-6",
"46129-3","6771-0",
"46161-6","9588-5",
"46162-4","9589-3",
"46163-2","9598-4",
"46164-0","9590-1",
"46165-7","9591-9",
"46166-5","9592-7",
"46167-3","9599-2",
"46168-1","9593-5",
"46169-9","9587-7",
"46170-7","9594-3",
"46171-5","9595-0",
"46172-3","9596-8",
"46173-1","9597-6",
"4620-1","4625-0",
"46280-4","24890-6",
"46281-2","35887-9","CT Guidance for aspiration of cyst XXX"
"46282-0","30698-5","US Guidance for aspiration of cyst XXX"
"46300-0","30588-8",
"46334-9","24570-4",
"4634-2","4633-4",
"46353-9","30744-7",
"4637-5","4547-6",
"4642-5","2403-4",
"4646-6","3273-0",
"4647-4","3275-5",
"46607-8","46098-0","This is duplicate with Nar. Mapped to HL7 Admin definition"
"4666-4","12241-6",
"4666-4","4667-2",
"4670-6","2269-9",
"46727-4","42607-2",
"4673-0","4820-7",
"46734-0","46733-2",
"46734-0","57793-2",
"46735-7","46758-9",
"46735-7","46762-1",
"46738-1","46761-3",
"46738-1","46769-6",
"46738-1","54108-6",
"46738-1","54109-4",
"46739-9","46744-9",
"46739-9","57791-6",
"46741-5","46733-2",
"46741-5","57793-2",
"46742-3","46744-9",
"46742-3","57791-6",
"46747-2","46744-9",
"46747-2","57791-6",
"4674-8","6010-3",
"46748-0","46733-2",
"46748-0","57793-2",
"46750-6","46744-9",
"46750-6","57791-6",
"46753-0","46736-5",
"46753-0","57792-4",
"46754-8","46736-5",
"46754-8","57792-4",
"4675-5","4822-3",
"46757-1","46762-1",
"4676-3","4823-1",
"46763-9","46762-1",
"46764-7","46762-1",
"46765-4","46740-7",
"46765-4","71592-0",
"46766-2","46740-7",
"46766-2","71592-0",
"46767-0","46740-7",
"46767-0","71592-0",
"46768-8","46740-7",
"46768-8","71592-0",
"46770-4","54108-6",
"46770-4","54109-4",
"46771-2","46737-3",
"46772-0","46737-3",
"46773-8","46737-3",
"46774-6","46736-5",
"46774-6","57792-4",
"46775-3","46736-5",
"46775-3","57792-4",
"46776-1","46736-5",
"46776-1","57792-4",
"46777-9","46736-5",
"46777-9","57792-4",
"46778-7","46736-5",
"46778-7","57792-4",
"46779-5","46736-5",
"46779-5","57792-4",
"46780-3","46736-5",
"46780-3","57792-4",
"46781-1","46744-9",
"46781-1","57791-6",
"4678-9","5892-5",
"46972-6","16248-7",
"47262-1","47268-8",
"47389-2","56991-3",
"47515-2","42945-6",
"47535-0","25082-9",
"47710-9","76023-1",
"47824-8","29521-2",
"47835-4","53437-0",
"47836-2","53441-2",
"47837-0","53434-7",
"47838-8","53438-8",
"47839-6","53442-0",
"47840-4","53436-2",
"47985-7","24934-2",
"47985-7","24965-6",
"47985-7","30596-1",
"48171-3","25217-1",
"48172-1","29315-9",
"48287-7","48193-7",
"48318-0","15609-1",
"48337-0","70909-7",
"48396-6","31345-2",
"48397-4","31674-5",
"48437-8","48444-4",
"48438-6","48453-5",
"48442-8","44113-9",
"48442-8","44114-7",
"48442-8","48450-1",
"48559-9","48558-1",
"48577-1","21695-2",
"48579-7","21696-0",
"48640-7","49572-1",
"48648-0","47031-0",
"48658-9","31674-5",
"48659-7","33633-9",
"48744-7","37616-0",
"48748-8","36748-2",
"48748-8","43791-3",
"48748-8","48749-6",
"48815-5","11483-5",
"48815-5","16130-7",
"48815-5","16131-5",
"49055-7","53016-2",
"49138-1","9539-8",
"49139-9","9540-6",
"49140-7","10904-1",
"49141-5","10905-8",
"49193-6","22375-0",
"49194-4","22373-5",
"49195-1","7940-0",
"49249-6","49247-0",
"49250-4","49248-8",
"49530-9","61101-2",
"49543-2","62292-8",
"49611-7","49672-9",
"49613-3","71718-1",
"49722-2","45183-1",
"49754-5","12258-0",
"50137-9","53098-0",
"50143-7","53097-2",
"50261-7","24362-6",
"50283-1","30238-0",
"50339-1","2093-3",
"50383-9","50384-7",
"50399-5","55232-3",
"50549-5","5000-5",
"50549-5","5005-4",
"50686-5","49734-7",
"50729-3","50727-7",
"50730-1","50728-5",
"50731-9","50727-7",
"50732-7","50728-5",
"50735-0","66488-8",
"50738-4","50736-8",
"50760-8","75510-8","aPTT.lupus sensitive with 1:1 PNP (Mixing aPTT)"
"50854-9","25434-2",
"50856-4","25438-3",
"5092-2","32775-9","Clostridium tetani toxoid Ab"
"5093-0","26643-7","Clostridium tetani Ab"
"50942-2","34444-0",
"5118-5","9819-4",
"5119-3","9820-2",
"5123-5","5121-9",
"51301-0","32533-2",
"51390-3","24794-0",
"51632-8","71692-8",
"51633-6","71693-6",
"51713-6","28541-1",
"51752-4","38163-2",
"51830-8","30465-9",
"51853-0","34104-0",
"51866-2","56888-1",
"51894-4","51878-7",
"51936-3","35538-8",
"51949-6","50715-2",
"52133-6","75513-2","DRVVT with 1:1 pooled normal plasma"
"52134-4","75510-8","aPTT.lupus sensitive with 1:1 PNP (Mixing aPTT)"
"5214-2","5213-4",
"52521-2","18776-5","Plan of care term"
"52521-2","81957-3","New Overall Plan of Care &or Advance Care Directives panel term"
"52559-2","29300-1",
"52755-6","34571-0","aPTT.lupus sensitive, Property of Time"
"52756-4","57838-5","DRVVT W excess phospholipid, Property is Time"
"53038-6","51968-6",
"53599-7","52539-4",
"53729-0","53363-8",
"53734-0","53470-1",
"53878-5","53927-0","N gonorrhoea rRNA Urth Ql PCR"
"54026-0","12734-0",
"54029-4","13925-3",
"54103-7","64116-7",
"54104-5","64116-7",
"54105-2","64116-7",
"5412-2","8117-4",
"5413-0","8106-7",
"5414-8","8107-5",
"5416-3","17098-5",
"5417-1","17099-3",
"5418-9","17100-9",
"5419-7","17101-7",
"5420-5","17102-5",
"5421-3","17103-3",
"5422-1","17104-1",
"5423-9","17105-8",
"5424-7","17106-6",
"5425-4","17107-4",
"5426-2","17109-0",
"5427-0","17110-8",
"5428-8","8109-1",
"5429-6","17112-4",
"5430-4","17113-2",
"5431-2","17114-0",
"5432-0","17115-7",
"5433-8","17116-5",
"5434-6","8110-9",
"5435-3","8111-7",
"5436-1","17117-3",
"5437-9","8115-8",
"5438-7","8112-5",
"5439-5","9680-0",
"5440-3","8113-3",
"5441-1","8114-1",
"5443-7","17121-5",
"5444-5","8117-4",
"5445-2","17122-3",
"5446-0","17123-1",
"5447-8","8118-2",
"54479-1","53218-4",
"54484-1","53220-0",
"5448-6","8119-0",
"5449-4","8120-8",
"5450-2","14017-8",
"5451-0","17125-6",
"5452-8","14018-6",
"5453-6","17126-4",
"5454-4","8121-6",
"5455-1","17127-2",
"5456-9","17128-0",
"5457-7","17129-8",
"5458-5","17130-6",
"5459-3","8124-0",
"5460-1","17136-3",
"5461-9","17137-1",
"5462-7","17138-9",
"5463-5","17139-7",
"5464-3","8102-6",
"5465-0","8125-7",
"5466-8","17140-5",
"5467-6","13346-2",
"5468-4","17141-3",
"5469-2","17142-1",
"5470-0","8126-5",
"5471-8","17143-9",
"5472-6","8123-2",
"5473-4","17146-2",
"5474-2","54218-3",
"5475-9","17147-0",
"5476-7","17148-8",
"5477-5","17149-6",
"5478-3","17150-4",
"5479-1","17151-2",
"54793-5","45689-7",
"5480-9","17152-0",
"5481-7","17154-6",
"5482-5","17155-3",
"5483-3","17156-1",
"5484-1","8130-7",
"5485-8","17157-9",
"5486-6","17158-7",
"5487-4","17159-5",
"5488-2","17160-3",
"5489-0","17161-1",
"5490-8","17162-9",
"5491-6","17163-7",
"5492-4","17164-5",
"5493-2","17165-2",
"5494-0","17166-0",
"5495-7","17167-8",
"5496-5","17168-6",
"5497-3","8132-3",
"5498-1","17169-4",
"5499-9","17170-2",
"5500-4","17171-0",
"5501-2","17172-8",
"5502-0","17173-6",
"5503-8","17174-4",
"5504-6","17175-1",
"5505-3","8133-1",
"5506-1","8134-9",
"5507-9","17176-9",
"5508-7","17177-7",
"5509-5","17178-5",
"5510-3","20478-4",
"5511-1","17179-3",
"5512-9","17180-1",
"5513-7","17181-9",
"5514-5","17182-7",
"55148-1","42714-6",
"5515-2","17183-5",
"5516-0","17184-3",
"5517-8","17185-0",
"5518-6","17186-8",
"5519-4","17187-6",
"5520-2","17188-4",
"5521-0","17189-2",
"5522-8","17190-0",
"5523-6","8135-6",
"5524-4","17191-8",
"5525-1","8136-4",
"5526-9","17192-6",
"5527-7","17193-4",
"5528-5","17194-2",
"55287-7","81955-7","Time of death [Clocktime]"
"55287-7","81956-5","Date and time of death [TmStp]"
"5529-3","17195-9",
"55297-6","55092-1",
"5530-1","17196-7",
"5531-9","17197-5",
"5532-7","8101-8",
"5533-5","17199-1",
"5535-0","17200-7",
"5536-8","17201-5",
"5537-6","17202-3",
"5538-4","17203-1",
"5539-2","17204-9",
"5540-0","17205-6",
"55410-5","73985-4",
"55410-5","73986-2",
"5542-6","17206-4",
"5543-4","17207-2",
"5544-2","17208-0",
"5545-9","17209-8",
"5546-7","17210-6",
"5547-5","17211-4",
"5548-3","17212-2",
"5549-1","17213-0",
"5550-9","17214-8",
"5551-7","17216-3",
"5552-5","17217-1",
"5553-3","17219-7",
"5554-1","17218-9",
"5555-8","17220-5",
"5556-6","17221-3",
"5558-2","32759-3",
"55700-9","53824-9",
"5576-4","5574-9",
"56049-0","62293-6",
"56050-8","62299-3",
"56052-4","56091-2",
"56053-2","46098-0",
"56054-0","62404-9",
"56055-7","62405-6",
"56058-1","62406-4",
"56059-9","56096-1",
"56059-9","56101-9",
"56060-7","62294-4",
"56060-7","62295-1",
"56060-7","62296-9",
"56060-7","62335-5",
"56062-3","62409-8",
"56064-9","62410-6",
"56067-2","62411-4",
"56071-4","62412-2",
"56073-0","62413-0",
"56075-5","62414-8",
"56082-1","62415-5",
"56084-7","62297-7",
"56084-7","62298-5",
"56085-4","56086-2",
"56085-4","56087-0",
"5613-5","29277-1",
"5613-5","29290-4",
"56153-0","63549-0",
"56447-6","18776-5",
"56638-0","17533-1",
"56638-0","56977-2",
"5671-3","10368-9","Use this term for capillary (finger stick) specimens."
"5671-3","77307-7","Use this term for venous (venipuncture) specimens."
"5672-1","17052-2",
"5672-1","5671-3",
"56737-0","63248-9",
"56738-8","63250-5",
"56793-3","41396-3",
"56840-2","72514-3","Better description of term"
"56904-6","21619-2",
"56908-7","8101-8",
"5707-5","5706-7",
"5712-5","5711-7",
"57140-6","57166-1",
"57161-2","57153-9",
"57223-0","54893-3",
"57224-8","54946-9",
"57225-5","54950-1",
"57227-1","52729-1",
"57230-5","46536-9",
"57283-4","46589-8",
"57286-7","46473-5",
"57292-5","50956-2",
"57447-5","6822-1",
"57450-9","42199-0",
"5758-8","13940-2",
"5758-8","29296-1",
"57980-5","44726-8",
"5801-6","5814-9",
"58094-4","55125-9",
"58095-1","55126-7",
"58096-9","54886-7",
"58097-7","54887-5",
"58098-5","54890-9",
"58103-3","55124-2",
"58216-3","57228-9",
"58238-7","62390-0",
"58239-5","58293-2",
"58239-5","62391-8",
"58240-3","62392-6",
"58241-1","62393-4",
"58242-9","62394-2",
"58243-7","62395-9",
"58244-5","62396-7",
"58245-2","62397-5",
"58246-0","62398-3",
"58247-8","62399-1",
"58248-6","62400-7",
"58249-4","62401-5",
"58250-2","62402-3",
"58251-0","62403-1",
"5889-1","27822-6",
"5895-7","6301-6",
"5896-5","6302-4",
"5897-3","6303-2",
"5898-2","3173-2",
"59002-6","9383-1",
"5907-1","777-3",
"59152-9","62261-3",
"5917-0","5933-7",
"591-8","590-0",
"5924-6","2749-0",
"592-6","590-0",
"5926-1","2949-6",
"5927-9","2820-9",
"5928-1","2071-9",
"5934-5","905-0",
"5935-2","3394-4",
"5937-8","3394-4",
"5939-4","3393-6",
"5940-2","3395-1",
"5941-0","3396-9",
"5943-6","5942-8",
"5944-4","5903-0",
"5945-1","5904-8",
"5948-5","5946-9",
"5951-9","5949-3",
"5952-7","5950-1",
"5953-5","5947-7",
"5954-3","3243-3",
"5960-0","5958-4",
"5961-8","5957-6",
"5962-6","5959-2",
"5963-4","5956-8",
"5968-3","5990-7",
"59788-0","75513-2","DRVVT with 1:1 pooled normal plasma"
"59789-8","75513-2","DRVVT with 1:1 pooled normal plasma"
"5979-0","17467-2",
"59806-0","75510-8","aPTT.lupus sensitive with 1:1 PNP (Mixing aPTT)"
"60113-8","13908-9",
"6017-8","15284-3",
"6017-8","7062-3",
"6017-8","7063-1",
"6017-8","7064-9",
"60281-3","8653-8",
"6028-3","6304-0",
"6028-5","6029-3",
"60341-5","53788-6",
"6036-8","6037-6",
"60386-0","78697-0",
"6043-4","15283-5",
"60475-1","77728-4",
"6055-8","6030-1",
"60585-7","63257-0",
"60586-5","63251-3",
"6064-0","6833-8",
"6079-8","6078-0",
"6086-3","6085-5",
"60947-9","33452-4",
"6104-4","6103-6",
"61145-9","18776-5",
"61145-9","64295-9",
"6146-5","6145-7",
"6157-2","6155-6",
"61600-3","78081-7",
"6184-6","6048-3",
"6191-1","6093-9",
"6215-8","7369-2",
"62187-0","62057-5",
"62188-8","62065-8",
"62257-1","48813-0",
"62259-7","48813-0",
"6235-6","6236-4",
"6235-6","7674-5",
"62496-5","62497-3",
"62496-5","62498-1",
"62499-9","62500-4",
"62499-9","62501-2",
"62502-0","62503-8",
"62504-6","62505-3",
"62506-1","62507-9",
"62508-7","62509-5",
"62510-3","62511-1",
"62513-7","62514-5",
"62515-2","62516-0",
"62517-8","62518-6",
"62519-4","62520-2",
"62521-0","62522-8",
"62523-6","62524-4",
"62525-1","62526-9",
"62527-7","62528-5",
"62529-3","62530-1",
"62531-9","62532-7",
"62533-5","62534-3",
"62535-0","62536-8",
"62537-6","62538-4",
"62539-2","62540-0",
"62542-6","62543-4",
"62544-2","62545-9",
"62546-7","62547-5",
"62548-3","62549-1",
"62550-9","62551-7",
"62552-5","62553-3",
"62552-5","62554-1",
"6255-4","6160-6",
"62555-8","62495-7",
"62555-8","62556-6",
"6283-6","16922-7",
"63045-9","63046-7",
"63047-5","63048-3",
"63049-1","63050-9",
"63051-7","63052-5",
"63053-3","63054-1",
"63055-8","63056-6",
"63057-4","63058-2",
"63059-0","63060-8",
"63061-6","63062-4",
"63063-2","63064-0",
"63065-7","63066-5",
"6335-4","6332-1",
"6336-2","5074-0",
"6342-0","5083-1",
"63461-8","63243-0",
"63519-3","63520-1",
"6358-6","4993-2",
"6367-7","53935-3",
"6382-6","16740-3",
"6382-6","7859-2",
"6383-4","31342-9",
"6383-4","31343-7",
"6404-8","6403-0",
"64064-9","34906-8","Pastoral care Note"
"6415-5","8271-9",
"6423-8","5850-3",
"64286-8","18748-4",
"64287-6","57828-6",
"6451-9","5020-3",
"6484-0","6482-4",
"6485-7","6483-2",
"6491-5","5028-6",
"6520-1","700-5",
"6529-2","6528-4",
"6530-0","6529-2",
"6531-8","6529-2",
"6533-4","6532-6",
"6534-2","6533-4",
"6535-9","6533-4",
"6537-5","6536-7",
"6538-3","6536-7",
"6540-9","6539-1",
"6541-7","6539-1",
"6556-5","78012-2","Documented as a rapid assay."
"65657-9","19925-7",
"6582-1","45043-7",
"6645-7","8272-7",
"6646-5","8273-5",
"6647-3","8274-3",
"6648-1","8275-0",
"6649-9","8276-8",
"6660-5","6607-6",
"6684-5","6683-7",
"6685-2","1874-7",
"6686-0","1903-4",
"6697-7","1798-8",
"6698-5","1761-6",
"67097-6","75510-8","aPTT.lupus sensitive with 1:1 pooled normal plasma (mixing aPTT)"
"6710-8","2447-1",
"6716-5","3181-5",
"6717-3","3182-3",
"67483-8","71579-7",
"67551-2","77941-3","Final Patient Acuity"
"6769-4","6768-6",
"6772-8","1884-6",
"6775-1","1848-1",
"6777-7","2345-7",
"67845-8","9268-4",
"67846-6","9270-0",
"67847-4","9267-6",
"67853-2","18776-5",
"67857-3","34109-9",
"67858-1","34746-8",
"67859-9","34111-5",
"6796-7","2502-3",
"6798-3","2609-6",
"6802-3","4951-0",
"6804-9","4969-2",
"6805-6","4971-8",
"6806-4","4973-4",
"6807-2","4975-9",
"6828-8","6020-2",
"6834-6","6833-8",
"6843-7","6844-5",
"6849-4","6189-5",
"68561-0","34778-1",
"68568-5","11507-1",
"68584-2","34814-4",
"68589-1","11508-9",
"6870-0","25848-3",
"68712-9","34858-1",
"6871-8","25320-3",
"6872-6","25346-8",
"6876-7","25376-5",
"6880-9","25388-0",
"68814-3","68818-4","Pediatrics Note"
"68814-3","78644-2","Pediatrics Initial evaluation note"
"6882-5","25427-6",
"68842-4","28571-8",
"68845-7","11512-1",
"6885-8","25443-3",
"68888-7","34815-1",
"689-0","688-2",
"6900-5","29282-1",
"6900-5","29291-2",
"6902-1","29285-4",
"6902-1","29294-6",
"6904-7","3953-7",
"6904-7","3954-5",
"69227-7","69127-9",
"6935-1","25304-7",
"6937-7","15055-7",
"6973-2","5763-8",
"69748-2","79151-7",
"70032-8","71693-6",
"7085-4","6117-6",
"70937-8","28631-0",
"71456-8","20388-5","Duplicate term."
"7163-9","6118-4",
"7165-4","7164-7",
"7186-0","6833-8",
"72167-0","70157-3",
"7219-9","6259-6",
"72255-3","78037-9","Use for studies of the common aorta runoff where CTA images the abdominal aorta and lower extremity vessels."
"72255-3","78038-7","Use for studies that evaluate the axillary-bi femoral bypass grafts that images both the thoracic and abdominal aorta plus the lower extremity vessels."
"7228-0","6074-9",
"7256-1","7255-3",
"727-8","46423-0",
"72787-5","19610-5","Naltrexone [Mass/​volume] in Urine by Confirmatory method"
"72787-5","82524-0","6-Beta naltrexol [Mass/​volume] in Urine by Confirmatory method"
"72788-3","72789-1","Naltrexone/​Creatinine [Mass Ratio] in Urine"
"72788-3","82527-3","6-Beta naltrexol/​Creatinine [Mass Ratio] in Urine"
"7299-1","6108-5",
"7300-7","6109-3",
"7303-1","7302-3",
"7306-4","6111-9",
"7329-6","7326-2",
"7352-8","6228-1",
"7357-7","6153-1",
"7363-5","6169-7",
"73695-9","80689-3","HIV 1 RNA reverse transcriptase and protease and integrase gene mutations detected [Identifier] in Plasma by Sequencing"
"7371-8","7369-2",
"7372-6","7369-2",
"7373-4","7370-0",
"7378-3","6726-4",
"7390-8","6136-6",
"7406-2","6209-1",
"74367-4","3868-7",
"7443-5","6118-4",
"745-0","30444-4",
"7457-5","6239-8",
"74913-5","34405-1",
"74921-8","35107-2",
"74923-4","10343-2",
"74925-9","34305-3",
"74927-5","35115-5",
"74929-1","79445-3",
"74932-5","34635-3",
"74933-3","9652-9",
"74937-4","3476-9",
"74938-2","3714-3",
"74946-5","34415-0",
"74947-3","3536-0",
"74950-7","24084-6",
"74951-5","35121-3",
"74955-6","16704-9",
"74956-4","3457-9",
"74959-8","10988-4",
"74961-4","31019-3",
"74963-0","3988-3",
"74966-3","3298-7",
"74968-9","6897-3",
"74969-7","63482-4",
"74971-3","3496-7",
"74972-1","9383-1",
"74987-9","79446-1",
"750-0","26498-6",
"7512-7","6281-0",
"752-6","751-8",
"75278-2","75320-2",
"75295-6","9007-6",
"75300-4","8990-4",
"75309-5","75275-8",
"75406-9","82354-2",
"7540-8","6093-9",
"7541-6","6190-3",
"7545-7","21428-8","Olea europaea Ab.IgE"
"75463-0","34807-8",
"75464-8","34808-6",
"7547-3","21428-8","Olea europaea Ab.IgE ACnc Qn"
"7561-4","6060-8",
"7581-2","7402-1",
"7582-0","6208-3",
"75871-4","77824-1","PROMIS short form - pain interference 8a - version 1.0 raw score"
"75871-4","77865-4","PROMIS pain interference - version 1.0 T-score"
"76062-9","78011-4",
"7607-5","6282-8",
"76195-7","19930-7",
"7620-8","7254-6",
"76263-3","33452-4",
"7630-7","7625-7",
"7636-4","6029-3",
"76465-4","76467-0","Surgical  history relevant to physical therapy"
"76466-2","76467-0","Surgical history relevant to physical therapy"
"7650-5","6085-5",
"7651-3","7646-3",
"7666-1","7665-3",
"7679-4","7678-6",
"7684-4","7681-0",
"77191-5","55180-4","Updated to system serum/plasma"
"7725-5","21547-5",
"7730-5","6263-8",
"77312-7","78037-9","System should include Runoff vessels (to the feet)"
"77319-2","33536-4","Ordinal"
"77319-2","79420-6","Quantitative"
"773-2","18309-5",
"77402-6","34750-0","Anesthesiology Note"
"77407-5","34752-6","Cardiology Note"
"77407-5","77413-3","Cardiology Initial evaluation note"
"7741-2","6859-3",
"77428-1","77444-8",
"77433-1","77443-0",
"77434-9","68629-5","Allergy and immunology Note"
"77434-9","77431-5","Allergy and immunology Initial evaluation note"
"77435-6","68645-1","Child and adolescent psychiatry Note"
"77450-5","78038-7","System should include Runoff vessels (to the feet)."
"77453-9","38262-2","DXA measurements are just of the calcaneus bone, not of the broader region."
"77454-7","38266-3","DXA measurements are just of the calcaneus bone, not of the broader region."
"77455-4","36011-5",
"77459-6","36564-3",
"77460-4","24612-4",
"77461-2","36661-7",
"77462-0","36731-8",
"77463-8","37996-6",
"77464-6","37022-1",
"77465-3","37205-2",
"77472-9","69311-9",
"77473-7","69319-2",
"77474-5","36975-1",
"77475-2","36977-7",
"77476-0","38776-1",
"77477-8","37058-5",
"77478-6","26100-8",
"77479-4","26101-6",
"77480-2","26102-4",
"77481-0","48433-7",
"77482-8","36662-5",
"77483-6","37718-4",
"77484-4","36686-4",
"77485-1","36701-1",
"77486-9","37719-2",
"77487-7","37995-8",
"77488-5","37997-4",
"77489-3","38814-0",
"77490-1","37021-3",
"77491-9","37023-9",
"77492-7","38778-7",
"77493-5","37206-0",
"77494-3","37720-0",
"7773-5","6277-8",
"7783-4","6287-7",
"77870-4","77579-1",
"77911-6","18112-3","Aortic valve Regurgitation degree by US.doppler"
"77915-7","18113-1","Mitral valve Regurgitation degree by US.doppler"
"77919-9","18114-9","Pulmonic valve Regurgitation degree by US.doppler"
"78043-7","36908-2","Gene mutations tested for"
"780-7","26523-1",
"7820-4","22162-2",
"7820-4","22163-0",
"782-3","26524-9",
"7825-3","22205-9",
"7825-3","22206-7",
"78443-9","9415-1",
"7873-3","16795-7",
"7878-2","7877-4",
"79070-9","72531-7",
"79100-4","79090-7","Lumbar spine CT densitometry"
"79100-4","79092-3","Thoracic spine CT densitometry"
"79155-8","80688-5","HIV 1 RNA tropism [Identifier] in Plasma"
"79155-8","80690-1","HIV 1 proviral DNA tropism [Identifier] in Mononuclear cells from whole blood"
"7938-4","44745-8",
"7938-4","44748-2",
"7939-2","44744-1",
"7939-2","44746-6",
"80337-9","11363-9",
"8044-0","5397-5",
"8064-8","3181-5",
"8066-3","3182-3",
"8127-3","24467-3",
"8128-1","8123-2",
"8129-9","54218-3",
"8137-2","14135-8",
"8138-0","8101-8",
"8143-0","26895-3","Meconium testing should be reported as a mass content (ex. Units ng/g)"
"81654-6","81655-3",
"8166-1","26893-8"," Meconium testing should be reported in mass content (ex. Units ng/g)"
"81713-0","63210-9",
"81715-5","63533-4",
"81717-1","63242-2",
"81718-9","63244-8",
"81719-7","63247-1",
"81720-5","63246-3",
"81721-3","63249-7",
"81722-1","63258-8",
"81723-9","63259-6",
"81724-7","63262-0",
"81726-2","63282-8",
"81729-6","63291-9",
"81730-4","63306-5",
"81731-2","63308-1",
"81734-6","63319-8",
"81735-3","63327-1",
"81736-1","63328-9",
"8173-7","3530-3",
"81739-5","63337-0",
"81740-3","63341-2",
"81741-1","63354-5",
"8186-9","27026-4"," Meconium testing should be reported in mass content (ex. Units ng/g)"
"8206-5","5696-0",
"8208-1","5702-6",
"8213-1","29158-3"," Meconium testing should be reported in mass content (ex. Units ng/g)"
"82135-5","82134-8",
"8231-3","26859-9"," Meconium testing should be reported in mass content (ex. Units ng/g)"
"82403-7","63240-6",
"82405-2","63252-1",
"82406-0","63253-9",
"82412-8","63256-2",
"82416-9","63264-6",
"82419-3","24383-2",
"82420-1","63267-9",
"82427-6","29643-4",
"82428-4","63299-2",
"82429-2","63300-8",
"82433-4","63310-7",
"82434-2","25747-7",
"82435-9","63329-7",
"82436-7","26975-3",
"82437-5","63402-2",
"82438-3","63351-1",
"82443-3","26880-5",
"82446-6","27894-5",
"830-0","14980-7",
"831-8","14981-5",
"832-6","14982-3",
"833-4","14980-7",
"834-2","14981-5",
"835-9","14982-3",
"8644-7","6617-5",
"8645-4","6616-7",
"8685-0","11365-4",
"9206-4","9200-7",
"9207-2","9198-3",
"9208-0","9199-1",
"9209-8","9201-5",
"9210-6","9202-3",
"9319-5","9310-4",
"9320-3","25348-4",
"932-4","933-2",
"9337-7","9336-9",
"9370-8","9332-8",
"9373-2","9334-4",
"9402-9","1717-8",
"9403-7","34228-7",
"9413-6","16142-2",
"9448-2","2407-5",
"9449-0","24462-4",
"9452-4","27400-1",
"9499-5","7174-6",
"9503-4","17738-6",
"9504-2","3042-9",
"9509-1","2098-2",
"9510-9","5622-6",
"9511-7","22654-8",
"9526-5","44754-0",
"9526-5","44755-7",
"9560-4","9559-6",
"9562-0","9561-2",
"9697-4","9415-1",
"9698-2","3536-0",
"9739-4","9438-3",
"9769-1","21560-8",
"9769-1","5376-9",
"9770-9","21561-6",
"9770-9","5377-7",
"9785-7","10704-5",
"9841-8","9439-1",
